"","hospital","estimate"
"1","10001",-0.011954177965472
"2","10002",0.0237282661510346
"3","10008",-0.0337161789230455
"4","10009",-0.0327493523576872
"5","10016",-0.00444713022581076
"6","10018",-0.0344866188421315
"7","10020",0.0203983017901895
"8","10022",-0.0380398259426473
"9","10024",-0.00703996695473743
"10","10026",-0.0316616724719538
"11","10030",0.000646983597615194
"12","10033",-0.033640645598226
"13","10036",0.00340132392670919
"14","10037",-0.0389892592307639
"15","10038",-0.0284924136143201
"16","10040",-0.0331540266866082
"17","10043",-0.00449339675161543
"18","10044",-0.0349882795974187
"19","10045",0.00536001003228765
"20","10051",-0.00584982399269244
"21","10052",-0.0222540712968843
"22","10059",0.0126377755558617
"23","10060",-0.0108893686034241
"24","10065",-0.00149104516682165
"25","10074",-0.05863105367923
"26","10075",-0.0298337659975592
"27","10077",-0.00632945827399785
"28","10078",-0.0280662861846602
"29","10081",-0.0148186821659916
"30","10082",0.0350956341823035
"31","10085",-0.000972606490003429
"32","10087",-0.0249517805192543
"33","10088",0.0143724423281319
"34","10090",-0.030921445883708
"35","10091",-0.0297884460033266
"36","10097",0.024346662705413
"37","10099",-0.0181100160040989
"38","10102",0.0187472930212079
"39","10104",0.0113225273904187
"40","10105",-0.0216193285269679
"41","10112",-0.00654287678077194
"42","10117",-0.00361860063607294
"43","10119",-0.00106231357706151
"44","10122",-0.00899134346910236
"45","10125",-0.0196570556732376
"46","10126",0.0644223960069923
"47","10128",0.0245768224528868
"48","10129",0.00768068227891749
"49","10133",-0.025106600195653
"50","10138",-0.152192583005974
"51","10139",0.00967954338368984
"52","10143",0.0418781109516808
"53","10144",-0.0373124194070443
"54","10150",-0.0153467743428986
"55","10152",-0.004015654718258
"56","10154",-0.0189032696205527
"57","10155",0.00574128384315366
"58","10157",0.0198082131151984
"59","10159",0.000787590065006353
"60","10179",-0.0301963259587604
"61","20002",-0.0316012458126819
"62","20004",0.01301928224717
"63","20005",0.00619790076067472
"64","20006",0.0154831862267222
"65","20007",-0.0355019062098602
"66","20012",-0.00928781703339354
"67","20013",0.00518644788210188
"68","20017",-0.0199943661364997
"69","20018",0.0255816946895668
"70","20025",0.000845531407488858
"71","20027",-0.00557834626896768
"72","20028",0.0362787669081122
"73","20029",-0.0116316871750278
"74","20030",-0.00685882447092937
"75","20031",-0.0293534935227908
"76","20032",0.0206259598897023
"77","20033",0.0512151240281532
"78","20036",0.0329893008251714
"79","20038",0.0138864004054392
"80","20046",-0.0235341969354777
"81","20050",0.045127265731019
"82","20056",0.00529795824659923
"83","20057",-0.0278277203505856
"84","20064",0.00146594102083472
"85","20086",0.00223381162296335
"86","20088",0.00077075121709515
"87","20096",0.0626037325586835
"88","20105",-0.018215701516885
"89","20106",0.0242377422780844
"90","20108",-0.0214146842487872
"91","20110",0.0358454302665892
"92","20113",0.0213320707367295
"93","20115",0.0228380664628021
"94","20116",0.0024283128551941
"95","20121",0.0364396305889273
"96","20125",0.00742073234137259
"97","20131",0.00381724262714994
"98","20135",-0.0211940517238693
"99","20136",0.0154038702691152
"100","20137",-0.00114064886600795
"101","20138",-0.00356443431209272
"102","20139",0.0554392955039868
"103","20142",0.0262604437480711
"104","20145",0.00651283935155929
"105","20146",-0.0126761828018184
"106","20147",-0.00718070173818431
"107","20148",-0.00833623071109332
"108","20155",0.0333573609873824
"109","20159",0.0241506404927009
"110","20160",-0.0302447867633657
"111","20165",0.0408479776053164
"112","20169",-0.0228548149557887
"113","20173",0.0114827774619522
"114","20179",-0.0230320377554951
"115","20182",-0.00630809609950449
"116","20183",0.0653886597175518
"117","20188",-0.00588480368583804
"118","20189",0.0191222631993816
"119","20191",0.0101158276784095
"120","20196",-0.030343930954111
"121","20207",0.00844932244231409
"122","20210",0.00833408045670173
"123","20212",-0.0295045601745108
"124","20213",0.0384184179144226
"125","20220",0.0283260761654061
"126","20223",0.0629586099762828
"127","20224",0.00870987729710212
"128","20226",-0.0125546159477269
"129","20228",0.0389029695287117
"130","20229",-0.000972183848453897
"131","20231",0.0326429147556158
"132","20237",-0.00745799588294748
"133","20243",0.00873196636970023
"134","20245",0.00805869261980223
"135","20246",0.0292254676627683
"136","20248",-0.0278355275001698
"137","20250",0.00256786190926731
"138","20251",0.04349765772561
"139","20252",-0.0500826896392356
"140","20257",0.0122009980615272
"141","20259",0.0176439907260755
"142","20263",-0.0184501960364271
"143","20266",0.00315929014374582
"144","20267",-0.0143925133469404
"145","20268",0.0169077214595074
"146","20275",0.00834230973195602
"147","20279",0.00249710179304904
"148","20280",-0.0193628927174298
"149","20282",-0.0160868241751792
"150","20286",0.0487876999282632
"151","20288",-0.0117568802835148
"152","20297",-0.00480205577728855
"153","20300",0.0496804569493635
"154","20304",0.0104912137734898
"155","20305",-0.0181839895159595
"156","20310",0.0207567722214571
"157","20317",0.0026270488801429
"158","20321",-0.0756276681494484
"159","20322",0.0438839527918977
"160","20323",-0.00723778337414446
"161","20324",0.0366226648895889
"162","20328",0.0483648142528191
"163","20332",-0.00998590414165578
"164","20336",0.0231375788288145
"165","20337",0.00412096774665515
"166","20338",0.00594034280642524
"167","20340",-0.0436843859517168
"168","20341",0.00795318867552229
"169","20345",0.0147787201368991
"170","20349",-0.0357672204391533
"171","20350",0.0212832865888049
"172","20353",0.00373386727806654
"173","20356",-0.0103659621684692
"174","20357",0.01430482479089
"175","20358",0.000505128288440444
"176","20360",-0.00471220035643469
"177","20362",0.015551755081925
"178","20364",-0.00615663943191941
"179","20365",-0.00539907528755786
"180","20370",-0.0159992135576351
"181","20373",0.0320826504392473
"182","20380",0.0186897942264675
"183","20381",-0.0260300272069276
"184","20382",-0.0110115323792968
"185","20390",-0.00435660509273465
"186","20391",0.0222871221640871
"187","20393",0.0131453196205439
"188","20394",-0.0132721712697416
"189","20399",-0.0363238648443131
"190","20401",0.0183822300171572
"191","20409",-0.0263081679559691
"192","20410",0.00807555040880289
"193","20411",0.0179234005374247
"194","20414",0.0206977271718775
"195","20420",-0.00706965567486862
"196","20428",0.000313671950821588
"197","20429",0.0374133400323983
"198","20432",0.0056180980956524
"199","20433",-0.0128396371643144
"200","20439",-0.0263019471779456
"201","20446",-0.00373182500792337
"202","30002",-0.0363261670476
"203","30003",-0.0199096894571306
"204","30009",0.020343363048411
"205","30010",-0.00336661342141282
"206","30011",0.0111516184569611
"207","30012",-0.0255012939293348
"208","30019",0.00914135716186911
"209","30025",0.00333359127141837
"210","30026",-0.0115084331957883
"211","30027",-0.00649559662994964
"212","30029",0.0129226976833435
"213","30042",-0.00960069188808597
"214","30043",-0.00321920143225845
"215","30045",0.0063226069915508
"216","30049",0.00557734448580295
"217","30057",-0.000284818527441073
"218","30065",-0.00175179943484796
"219","30067",0.00720628932847998
"220","30069",0.00776221764547387
"221","30070",0.0133882360732763
"222","30076",0.0122548805772049
"223","30079",0.0295148382209622
"224","30080",-0.0303473926111915
"225","30085",-0.0283382061559603
"226","30086",0.0130328661229284
"227","30087",0.0102445904158902
"228","30091",-0.0361038862010837
"229","30111",-0.0143379159602131
"230","30112",0.0258177690694663
"231","30113",0.00434831200631209
"232","30116",0.00335227385518067
"233","30120",0.0408159280039542
"234","30121",-0.00199097905801582
"235","30122",-0.0324321123920084
"236","30125",0.0437560648744995
"237","30127",-0.000524965239746932
"238","30128",0.00031684144043335
"239","30130",0.0185477632093338
"240","30133",0.0200226705979555
"241","30135",0.0057127447451687
"242","30136",-0.0194737440057591
"243","30141",-0.0576075321343063
"244","30150",-0.0283533128212557
"245","30160",-0.00173515403812065
"246","30163",0.00348699926900553
"247","30167",0.0278039992887804
"248","30172",0.061922119148707
"249","30174",0.0043542472584372
"250","30179",-0.0254408672687066
"251","30182",-0.0153388216646954
"252","30184",0.0466320827005349
"253","30185",-0.0310311875430282
"254","30186",0.0225518109683935
"255","30192",0.0335985166722061
"256","30194",-0.00019657417068459
"257","30195",-0.0169371165493568
"258","30196",0.00347862845798955
"259","30197",-0.00746416105435602
"260","30198",-0.0151986717431334
"261","30201",-0.00415904490691229
"262","30203",-0.00481610934310304
"263","30205",0.0415108345972172
"264","30210",0.0142311447122875
"265","30213",-0.000468705143759131
"266","30216",-0.0062892042819682
"267","30217",-0.0289575794234244
"268","30221",-0.00736675222370185
"269","30223",0.0282722132205926
"270","30224",-0.00645094451388869
"271","30225",0.0611724758798009
"272","30227",-0.00229900883628161
"273","30230",-0.0104737505081398
"274","30233",0.0234322928805909
"275","30236",0.0390695289824396
"276","30239",-0.0306495259123336
"277","30241",-0.011062684808384
"278","30246",0.00265541816818862
"279","30248",0.0138126495291496
"280","30251",0.019251965287111
"281","30252",-0.0300452593094223
"282","30253",0.0455647175360417
"283","30256",0.0519611457177992
"284","30258",0.00629131127080317
"285","30260",0.0153103833489059
"286","30267",0.0517742351197283
"287","30272",0.0518703935261087
"288","30274",0.000631576143885143
"289","30275",0.0135846283557494
"290","30279",0.0020603908169432
"291","30282",0.0175277419570207
"292","30284",0.0400625030718923
"293","30287",0.00505071031372038
"294","30291",0.0204935157290891
"295","30293",0.0542504006237868
"296","30294",-0.0321900816242452
"297","30297",0.0276439116298336
"298","30298",0.00644791149955136
"299","30299",-0.0112148312929024
"300","30300",-0.0200620497476265
"301","30301",-0.00767111945123845
"302","30303",0.00289341100605435
"303","30304",0.0260419976258185
"304","30305",-0.0115125767533975
"305","30307",0.0469086358334168
"306","30309",-0.0557155820218777
"307","30314",0.0101616412545984
"308","30315",0.0126939228531795
"309","30316",-0.0359679262138669
"310","30317",0.0394194927102008
"311","30325",-0.011512531510588
"312","30331",-0.0144596234767742
"313","30332",-0.0941587909559076
"314","30336",0.0247595111695381
"315","30337",0.0102112251666081
"316","30341",0.00775372327395844
"317","30344",0.036819200096675
"318","30346",-0.0295719688672004
"319","30350",0.00634427740996318
"320","30353",0.0172046306674052
"321","30356",0.00736975792977615
"322","30358",-0.0299848326490634
"323","30362",0.0571984042245292
"324","30365",0.0265722042531583
"325","30372",0.0122178800855815
"326","30373",0.0368631139960892
"327","30374",0.054769610444588
"328","30378",0.0171341488806021
"329","30379",-0.00841481097378842
"330","30381",0.019793347810854
"331","30382",0.0355720563288839
"332","30383",0.00163658071673707
"333","30389",0.0179632997348326
"334","30397",-0.00179821506604702
"335","30398",-0.0140366368541085
"336","30400",-0.00858312426477903
"337","30401",0.00888823915043099
"338","30402",0.00108045626017578
"339","30403",0.0360733451008201
"340","30405",0.0469082959708087
"341","30410",-0.0202488994669593
"342","30412",0.00507606787805016
"343","30413",0.0468179904315533
"344","30428",-0.00521305217374157
"345","30430",-0.0208787883565588
"346","30435",0.00878809221849193
"347","30448",0.00708998223646098
"348","30451",0.0122461538591884
"349","30454",-0.0417641088663804
"350","30455",0.00279696389542257
"351","30456",0.0133614876105673
"352","30463",0.0354295366812937
"353","30466",-0.0467328236744379
"354","30468",0.0264963766219278
"355","30470",0.00484884096306246
"356","30474",-0.0127024587930876
"357","30480",0.0297612802914632
"358","30483",-0.0310574058699538
"359","30488",0.0219530594041697
"360","30496",0.039385161713252
"361","30501",0.015909149823679
"362","30506",-1.88762251679674e-05
"363","30507",-0.0268608937862724
"364","30512",0.0131548044996418
"365","30515",-0.030573992587498
"366","30517",0.0396302711888637
"367","30520",-0.0300754726396157
"368","30524",0.00665830736754258
"369","30526",0.0250586047895151
"370","30528",0.00587493739974034
"371","30530",0.0492101431608376
"372","30531",0.0251351995797687
"373","30534",0.0110309758834846
"374","30535",-0.000511128501832277
"375","30536",0.00303387926988904
"376","30541",0.00409397815097565
"377","30542",-0.0359636070845482
"378","30543",0.00291582075266059
"379","30544",0.0437660945853188
"380","30547",0.0144625821305577
"381","30555",0.00862851689126422
"382","30564",-0.0820351116957162
"383","30567",0.0242174607032487
"384","30570",0.0680693594137508
"385","30574",-0.00460069271405255
"386","30587",0.0216451928087884
"387","30589",0.00825935894070311
"388","30591",-0.017362389782954
"389","30592",-0.0275860137097632
"390","30603",0.00388417857780375
"391","30608",0.0162092320086078
"392","30616",0.0122291460436749
"393","30619",-0.00484963801586506
"394","30621",0.0404893773465665
"395","30622",0.0302608007870656
"396","30623",0.0329973656779468
"397","30624",-0.00153374814874681
"398","30626",0.0105187148544829
"399","30632",0.0173086704831024
"400","30633",0.0142489603672566
"401","30638",0.0242999099917744
"402","30639",0.0267760907890311
"403","30640",-0.00336568558000179
"404","30645",-0.029199286065238
"405","30648",-0.00329977337351618
"406","30650",-0.0055116202641011
"407","30654",0.0349491753976185
"408","30659",0.0297631198019633
"409","30660",-0.000389001566353404
"410","30661",0.0416414299545616
"411","30662",0.0301441112880736
"412","30665",0.0311604684907167
"413","30670",0.0342021574796441
"414","30688",0.0100399675072959
"415","30692",0.012449908864981
"416","30693",0.0318947873691574
"417","30695",0.0150145962823732
"418","30698",-0.0265889738149584
"419","30699",-0.0305286725923248
"420","30710",-0.0291539660697981
"421","30715",-0.0346416804966994
"422","30721",0.00760716710518998
"423","30723",0.0325453725050343
"424","30725",0.0217968371262159
"425","30726",0.00812315745178206
"426","30733",-0.000514637960752954
"427","30738",0.0174787569248354
"428","30740",-0.00342961149869041
"429","30746",0.013110108002497
"430","30748",-0.0276615470353552
"431","30749",0.015852904455678
"432","40005",-0.00459551806551558
"433","40006",0.0789356029892101
"434","40008",0.0437935490148347
"435","40016",-0.0364362328319957
"436","40017",0.0217831216424862
"437","40025",-0.0269181796374286
"438","40028",-0.0299737209870178
"439","40033",0.01338166880615
"440","40034",0.0360020340867586
"441","40037",0.0493704173480832
"442","40039",0.0177508192308323
"443","40042",0.00901814590529001
"444","40047",-0.0291126410776024
"445","40050",0.0145630659970401
"446","40074",-0.0101230915527878
"447","40077",0.0233863430149518
"448","40086",-0.0355449395917695
"449","40089",0.0237317344846938
"450","40095",-0.0133818923861511
"451","40096",0.0142700235027869
"452","40106",0.0216446705642553
"453","40113",-0.034487473036436
"454","40117",0.0229764565152289
"455","40120",-0.0347593930078654
"456","40121",-0.0342155530463374
"457","40123",0.00249133536743037
"458","40133",0.00044572649694201
"459","40135",0.0144684927400374
"460","40137",-0.0278850062031435
"461","40156",0.0372995815504286
"462","40158",-0.0350917396399846
"463","40161",-0.0227518197124165
"464","40162",0.0268850027663138
"465","40172",-0.0091995729544808
"466","40181",-0.0344572597055357
"467","40185",-0.0270390329546099
"468","40187",0.0181850012210639
"469","40193",-0.0354240862723039
"470","40194",0.0166159918045629
"471","40196",-0.0278698995385511
"472","40202",0.0256306789961237
"473","40204",-0.0375994460435735
"474","40210",0.0076289997055626
"475","40214",0.107270096950422
"476","40219",0.0063875111235504
"477","40225",-0.0178037654071922
"478","40226",0.0056701597042992
"479","40228",-0.000474803919433892
"480","40229",0.0242329461296126
"481","40230",0.0105714728757585
"482","40231",0.00287633304427816
"483","40232",-0.00888713151355104
"484","40238",0.00547711621549487
"485","40240",0.0201559349869419
"486","40241",0.000560011200355359
"487","40242",-0.025727893905608
"488","40243",-0.0298226543365764
"489","40244",0.00459247204698385
"490","40251",0.0109746831056317
"491","40258",-0.0118599848073176
"492","40260",0.0400638574663026
"493","40265",-0.0309405475526274
"494","40266",0.00511729923871202
"495","40268",0.00442491352225408
"496","40269",-0.00782758847659165
"497","40270",-0.016695200800526
"498","40272",-0.0353938729425066
"499","40274",-0.0313894283751003
"500","40276",0.0264327100186033
"501","40277",0.0305603704248824
"502","40283",0.0253289943209253
"503","40286",-0.0133083515969315
"504","40287",-0.0023694494533893
"505","40288",0.0744000564452458
"506","40289",-0.0285377336097822
"507","40295",0.0396698128938607
"508","40303",0.00834031068446032
"509","40310",0.0397822867519944
"510","40311",-0.0271145662769569
"511","40315",-0.00892972986286941
"512","40316",0.057120016189506
"513","40318",-0.0361340995299612
"514","40322",-0.034563006360024
"515","40325",-0.0343364063852034
"516","40326",-0.035529832918327
"517","40328",-0.0352730196219371
"518","40329",-0.00339939816852661
"519","40330",0.0112539138859983
"520","40331",0.0890489501751088
"521","40334",-0.0132200227446375
"522","40342",-0.0368592194553
"523","40344",0.0342674701046577
"524","40346",0.0329860564043916
"525","40347",0.0568961557622624
"526","40353",-0.028126712843435
"527","40356",0.0816510167325211
"528","40358",0.0372355042135972
"529","40361",-0.00678944535646235
"530","40370",0.0057403287768629
"531","40379",-0.0363606995066262
"532","40381",-0.0107589842640121
"533","40394",0.0655427402872832
"534","40399",0.00473039510195132
"535","40401",0.055070660499477
"536","40405",-0.0332293007007415
"537","40411",0.0187969672868551
"538","40412",-0.00657511390532643
"539","40414",-0.032526747385959
"540","40417",-0.0356355795834507
"541","40419",-0.00499723973274134
"542","40426",0.251151279328148
"543","40430",0.0559152721211215
"544","40433",0.0240866637235787
"545","40438",0.00304922856947965
"546","40439",-0.0358923928881991
"547","40441",-0.019544852387026
"548","40444",0.0331096096771641
"549","40451",0.0384661711639449
"550","40452",0.0349016986036586
"551","40454",0.0234004923423377
"552","40469",0.0600267392025997
"553","40470",0.0120602773255114
"554","40487",0.0257918471939489
"555","40491",0.00878298520010903
"556","40495",0.00743434592118644
"557","40496",0.00930954815575519
"558","40498",0.00634882633255279
"559","40499",0.0113600241517501
"560","40502",-0.0232991145487547
"561","40508",0.0243551426675482
"562","40510",0.032504537980701
"563","40512",0.0361706584692656
"564","40517",0.00330149738054811
"565","40524",0.0377683413800571
"566","40525",0.0165439400435551
"567","40536",0.000519870975495418
"568","40540",-0.00279406682861259
"569","40542",-0.0275526595708314
"570","40546",-0.000504006088084682
"571","40558",0.0444677073227031
"572","40563",0.0190007580832547
"573","40564",0.00778298696061211
"574","40569",0.00557668152331815
"575","40571",-0.0302305342938385
"576","40574",0.000734860302724723
"577","40576",0.00620778876178488
"578","40587",0.00637524705496581
"579","40594",0.0086535108849624
"580","40596",0.101755858484336
"581","40597",0.00655366058759163
"582","40598",-0.0332847396217616
"583","40604",0.0168708678589581
"584","40608",0.214288887073601
"585","40613",0.105723931979385
"586","40620",-0.0402582190971647
"587","40627",-0.0243985073789061
"588","40629",0.01699623931573
"589","40632",0.0259922541994752
"590","40636",-0.0244740407041286
"591","40646",-0.00958712238714525
"592","40650",-0.0034145048333901
"593","40673",0.0277557136540367
"594","40682",0.0176881929119414
"595","50001",0.00660496582553179
"596","50003",-0.0326770832362964
"597","50004",0.00234226815367665
"598","50006",-0.00809336163575173
"599","50007",0.0220893195418184
"600","50010",-0.0214950102722691
"601","50015",0.0042928138858698
"602","50016",-0.0369196702719702
"603","50023",0.000388259576612915
"604","50026",0.0230657842405341
"605","50030",-0.0216947819286979
"606","50032",0.00889307479268188
"607","50036",-0.0300492543122579
"608","50040",0.0183485113587296
"609","50042",0.00861689865505554
"610","50046",0.0363747121992324
"611","50049",0.0099791208844134
"612","50050",0.0261766913426947
"613","50053",-0.0344382822756817
"614","50057",-0.0283534362171047
"615","50058",-0.00969849951941052
"616","50059",-0.0413793348146265
"617","50060",-0.00701726418451942
"618","50063",0.0438603723747514
"619","50064",-0.00657099718391056
"620","50068",-0.0244768597332964
"621","50069",0.0501664108750316
"622","50071",0.0098248737696842
"623","50073",-0.0313290017142408
"624","50075",-0.035868404250781
"625","50077",-0.0233263816802279
"626","50078",-0.00163773130790013
"627","50080",0.0216527909471942
"628","50082",0.0174634441355195
"629","50083",0.0659984700837639
"630","50086",-0.0254240463079091
"631","50089",0.0289007822430737
"632","50093",0.00990420083961827
"633","50097",0.0119322049775944
"634","50100",0.0167562958500566
"635","50101",0.0942267860966541
"636","50109",-0.056789031215602
"637","50110",-0.0074794395178678
"638","50111",-0.0295347735047824
"639","50119",-0.00209867928766431
"640","50121",-0.0258445649934165
"641","50125",0.0176372227916904
"642","50126",0.0153369524181548
"643","50128",-0.00941273268447524
"644","50129",-0.0219475537987092
"645","50134",0.0155001972261653
"646","50136",0.0165228748996547
"647","50138",0.00840104065002497
"648","50141",0.0225468116315506
"649","50143",0.0117380051929136
"650","50150",0.00383242469760352
"651","50152",0.0244391248933825
"652","50157",-0.0390252316056527
"653","50158",-0.0137563419008579
"654","50159",-0.0305736684610584
"655","50164",-0.0302413218288767
"656","50166",0.0503214550568629
"657","50168",-0.00332703401104434
"658","50170",0.0332886512613254
"659","50171",0.0302366726467565
"660","50173",-0.0134162620205082
"661","50174",-0.0245191784946711
"662","50177",-0.00447776820953115
"663","50190",0.00484695826293309
"664","50195",0.017100911792878
"665","50196",-0.0346265738315896
"666","50200",-0.00674860205927701
"667","50201",-0.0335345748158433
"668","50207",0.00704915779106424
"669","50211",-0.00092633900876927
"670","50215",0.0273850312112908
"671","50216",-0.0120369516388889
"672","50218",-0.0397486051893115
"673","50221",-0.033799295581996
"674","50222",-0.0343660325530365
"675","50223",-0.0115535323757584
"676","50226",0.00562341821493485
"677","50227",-0.00650037851199865
"678","50228",-0.033701559251909
"679","50229",-0.0196581296322457
"680","50230",0.00148544563056187
"681","50231",0.00855818475200009
"682","50232",-0.00242812043391754
"683","50234",0.0393121209343538
"684","50240",-0.00718709433861979
"685","50243",0.0168213419978871
"686","50246",-0.0128364336195627
"687","50252",-0.00507333548904684
"688","50256",-0.0128554125270092
"689","50257",-0.00548682134608402
"690","50258",-0.00672143388548918
"691","50259",0.00699841585356354
"692","50263",-0.00299151821147108
"693","50267",0.0224701771026091
"694","50270",0.00892341383744342
"695","50280",-0.032024232434076
"696","50282",0.00495510527834972
"697","50283",-0.00647049967435355
"698","50286",0.0192156750185691
"699","50288",-0.00259180262525844
"700","50289",0.0376176818995073
"701","50290",0.0198877087378561
"702","50294",-0.00219623894328268
"703","50295",-0.0311480458603534
"704","50298",-0.0780058649550821
"705","50300",-0.0302003209641432
"706","50303",0.054650224013823
"707","50304",0.220902465552322
"708","50311",0.0221308341763812
"709","50312",-0.0463637217956388
"710","50315",-0.00328541125287584
"711","50321",0.0134946536054166
"712","50322",-0.0361643128611151
"713","50331",-0.0239023636922615
"714","50335",0.0241012068632674
"715","50337",-0.0306383557526838
"716","50344",-0.0252581770579983
"717","50347",-0.0198741425911686
"718","50349",0.0192472601758592
"719","50350",-0.071289600729388
"720","50351",-0.0605267910301115
"721","50352",-0.00123548738407582
"722","50353",-0.110882185593969
"723","50354",0.0357888380610949
"724","50362",-0.0191264257522485
"725","50365",-0.0292748193903789
"726","50366",0.0121757008976883
"727","50367",-0.00480368593019994
"728","50368",-0.0516275377291064
"729","50373",0.0168256700800837
"730","50377",0.0817101835370213
"731","50379",0.000663823539047557
"732","50380",-0.0163110704780157
"733","50381",0.0142097285558769
"734","50387",-0.0303500625242346
"735","50388",0.00464139088661046
"736","50393",-0.0295166494280768
"737","50395",0.0091206967880424
"738","50397",-0.0204987317211134
"739","50398",-0.0153132778538897
"740","50399",-0.0178760163954598
"741","50401",-0.00392466651229218
"742","50405",-0.00478933475114013
"743","50409",-0.0101227183235369
"744","50410",-0.011005250802944
"745","50417",-0.00230784200266985
"746","50418",-0.0102559578524262
"747","50420",-0.029863011568089
"748","50421",-0.00949234295146304
"749","50422",0.00363586523139875
"750","50423",-0.0275068752003654
"751","50424",0.0134415367747574
"752","50426",-0.0617704924715601
"753","50427",-0.0214043702818941
"754","50428",0.00873605816981993
"755","50431",0.0207820881635609
"756","50433",-0.0106810514011854
"757","50434",-0.00815453273366809
"758","50436",-0.0184451907534628
"759","50437",0.00430288172745782
"760","50438",0.00773229474309761
"761","50441",0.00849801534609296
"762","50442",-0.00770479771523711
"763","50443",-0.00835438431353481
"764","50449",-0.00341171486478078
"765","50455",-0.030287479313272
"766","50456",-0.023050808528578
"767","50457",0.0301050432048024
"768","50460",-0.0206823911657402
"769","50462",0.000132393848104589
"770","50467",-0.0314578980987156
"771","50471",-0.0143121411514685
"772","50473",-0.0135516168816694
"773","50475",0.0354947477225999
"774","50476",0.00484230616567656
"775","50479",-0.0141731000061378
"776","50487",0.00244291193256853
"777","50489",-0.0363368674504151
"778","50492",-0.0145603443599141
"779","50496",0.0259175121085657
"780","50499",0.0286367136288118
"781","50502",-0.0077804544362054
"782","50505",-0.0228869961169061
"783","50507",-0.0275705337026122
"784","50511",0.011947354002786
"785","50512",0.0388991047659489
"786","50513",-0.00218158722256393
"787","50515",0.0246095509923882
"788","50517",-0.00838545183972057
"789","50520",-0.0248640910868828
"790","50522",-0.00897414743097976
"791","50524",-0.011181538606542
"792","50528",-0.0338219255787455
"793","50530",-0.0514605928684327
"794","50535",-0.0724558303005798
"795","50537",-0.00270462095121518
"796","50541",-0.0234122894510542
"797","50542",-0.00688118796131294
"798","50544",-0.0417290361997903
"799","50545",0.0259274633775351
"800","50546",-0.0291068276029764
"801","50548",-0.00319537433458576
"802","50554",-0.0131838047713178
"803","50556",0.0279248360373727
"804","50557",0.0167051325437609
"805","50562",0.0173622949972099
"806","50563",-0.0147412028101865
"807","50565",-0.0292628535331293
"808","50570",0.00161965026433311
"809","50571",-0.0442096445644186
"810","50574",-0.019460619581167
"811","50575",-0.00315769152727167
"812","50576",-0.0309075595849282
"813","50578",-0.0133246983923264
"814","50582",0.0138377729198585
"815","50583",-0.0314652858270253
"816","50584",0.0122164296135648
"817","50585",-0.012852705572314
"818","50586",0.0104826349642674
"819","50587",-0.0177813697266122
"820","50590",0.00300274009829425
"821","50591",-0.000166222832909445
"822","50592",0.0619747458790528
"823","50596",-0.013072106342966
"824","50597",-0.0312124675241971
"825","50605",0.00782352986690133
"826","50612",0.00552285581356228
"827","50614",0.0223453570534655
"828","50629",-0.0316333299900015
"829","50630",-0.00695631530680709
"830","50634",-0.0199244002003587
"831","50637",-0.0484786549061873
"832","50639",-0.0197131719231279
"833","50641",0.000719976511003435
"834","50642",0.0115828063388356
"835","50643",-0.00780707943695012
"836","50646",-0.0271965570210318
"837","50648",-0.00847177270019977
"838","50653",0.0204689250291934
"839","50654",-0.00949895261329372
"840","50655",-0.0365300136310486
"841","50657",0.00131861939564597
"842","50658",-0.020984848593831
"843","50660",0.0164932554783408
"844","50661",-0.0163440316888213
"845","50666",-0.0242723408305628
"846","50669",0.0192363803718677
"847","50677",0.105061310161967
"848","50678",-0.00703663951804741
"849","50680",-0.0357293603818483
"850","50681",-0.0333727206301453
"851","50694",0.0144245504273525
"852","50695",0.0415628755618596
"853","50701",-0.0340914057308104
"854","50704",-0.0146374021850797
"855","50705",0.015712643683262
"856","50707",0.0230872538492063
"857","50711",0.0203303907026112
"858","50712",-0.0127899563083071
"859","50715",-0.00505068785308934
"860","50716",-0.0197378297930182
"861","50717",-0.0106936367587817
"862","50719",-0.0316195479701048
"863","50721",-0.0337654939219452
"864","50723",0.00984632412542128
"865","50724",-0.01741933924309
"866","60003",-0.103445808496541
"867","60006",-0.00174588251515477
"868","60007",-0.0222186383802288
"869","60015",0.00278368778623887
"870","60020",-0.00560497126966379
"871","60022",-0.0174165420657035
"872","60027",0.000512070600333739
"873","60029",0.0465046447024934
"874","60031",-0.0288398669110621
"875","60033",-0.00192855595077575
"876","60036",-0.113652823509377
"877","60039",0.00320981514059201
"878","60046",0.00370514341225264
"879","60048",-0.0118556656773969
"880","60051",-0.00442853694443426
"881","60053",-0.0649010939474774
"882","60055",-0.0155429842323674
"883","60061",0.00895691402371221
"884","60062",0.00287899770607487
"885","60066",-0.00453241696804019
"886","60068",-0.0190235157245116
"887","60072",-0.0621972750887039
"888","60077",-0.00729777195431025
"889","60090",-0.027479688084694
"890","60092",-0.0216193084664579
"891","60096",0.00716864714910345
"892","60098",0.00752494603447244
"893","60099",-0.00199070458966646
"894","60100",-0.0265575829632909
"895","60101",0.0045526368990418
"896","60112",0.0154542852996064
"897","60117",0.0168926267556392
"898","60123",-0.00861826747995295
"899","60130",-0.0165790512212265
"900","60132",0.0108743215713357
"901","60134",-0.0347887521438586
"902","60142",-0.0372400268898334
"903","60143",0.05389188141436
"904","60144",-0.00441473827488632
"905","60148",-0.0120014254582289
"906","60154",-0.014307702630094
"907","60161",0.00144072891217236
"908","60163",-0.0156530228383557
"909","60169",0.0281616193863366
"910","60170",-0.000705828950201773
"911","60171",-0.00745962614012563
"912","60172",0.0761946087819401
"913","60175",0.000126874797730605
"914","60176",-0.00965884478997101
"915","60185",-0.0475196393974335
"916","60188",-0.0492450156229935
"917","60191",0.00611291478603117
"918","60194",0.0232622364746771
"919","60196",-0.0991451180967406
"920","60198",-0.00529058506677385
"921","60201",0.0249686260298932
"922","60202",0.0182638445951249
"923","60211",-0.0314382133040397
"924","60215",-0.020332397319212
"925","60226",-0.0308671972087993
"926","60229",-0.033233584000327
"927","60231",0.0455993634447263
"928","60234",-0.0730562308354499
"929","60239",-0.0133210121897241
"930","60258",-0.0089998730586244
"931","60259",-0.0379338301126358
"932","60265",0.0097358207536446
"933","60267",-0.106154918671982
"934","60272",-0.0507445396841178
"935","60276",-0.0110291182281224
"936","60278",-0.0107431736307892
"937","60280",0.0526026498068189
"938","60283",-0.162181048599596
"939","60286",0.00711161084611296
"940","60288",-0.00349089235508722
"941","60295",-0.0275255964914106
"942","60300",0.00150234673663655
"943","60301",-0.00303337327284025
"944","60303",-0.0259471868934349
"945","60304",-0.0132913245329339
"946","60308",0.0112178618676808
"947","60311",-0.00466379027176759
"948","60316",-0.0410693265523593
"949","60319",-0.0140367168496574
"950","60325",-0.0329558982778622
"951","60328",-0.0181938316052057
"952","60329",0.0464178553735782
"953","60332",0.0201287418218021
"954","60336",-0.0580833279071484
"955","60342",-0.0499212769135769
"956","60343",0.062170492235826
"957","60345",-0.0509374529841756
"958","60348",-0.00686279853923521
"959","60353",-0.00814602922936156
"960","60354",-0.00750494613391927
"961","60366",0.00549219693522041
"962","60369",0.031070355081625
"963","60376",-0.0127665900763746
"964","60383",-0.0378131022670033
"965","60387",-0.0347856494755452
"966","60389",0.00475237006938468
"967","60392",-0.0430666076082719
"968","60395",0.00793018046792543
"969","70005",0.0105637335483364
"970","70006",0.0108271834500708
"971","70010",0.0206689221048054
"972","70011",-0.0232284052016434
"973","70012",0.0539677121825015
"974","70014",0.00760645215472404
"975","70015",0.0140638162550443
"976","70035",-0.0371342802342318
"977","70038",0.0273271025737513
"978","70040",-0.0247308540105144
"979","70046",-0.0359226062202254
"980","70047",0.0171264007327907
"981","70048",0.0362741044832809
"982","70049",0.0125873061556649
"983","70054",0.0246202777676888
"984","70058",0.0115752955773527
"985","70061",-0.0186775238405996
"986","70065",-0.0237222957797797
"987","70073",0.0290861603352558
"988","70078",-0.0248335832543561
"989","70080",0.0181680157274523
"990","70087",0.0112737094298846
"991","70088",-0.000996441084054188
"992","70091",0.0118717393414786
"993","70092",-0.0190028802234333
"994","70094",0.00765962303150442
"995","70099",0.0425856385848676
"996","70100",0.0104929934619916
"997","70101",0.00779736128948117
"998","70102",0.0500354850232954
"999","70103",-0.0144747301416206
"1000","70104",0.00512733788898291
"1001","70105",0.00356836673815398
"1002","70109",0.0227682652740297
"1003","70113",0.0102492678935256
"1004","70117",0.00267720304344859
"1005","70123",0.00474235863142371
"1006","70128",0.00306642661900278
"1007","70129",-0.0292896019292217
"1008","70132",-0.0241107269302789
"1009","70133",-0.0110044499967487
"1010","70150",-0.0265285471544352
"1011","70152",-0.00765151526058101
"1012","70154",-0.00726323949420008
"1013","70158",0.00546390898898914
"1014","70159",0.0248491785907507
"1015","70160",0.0319313500460895
"1016","70161",-0.00954455128516353
"1017","70163",-0.00652361897021806
"1018","70164",0.00957060040723265
"1019","70165",-0.00185024520313031
"1020","70166",0.0930479243895045
"1021","70169",0.0304143179456358
"1022","70173",0.00773704538350135
"1023","70176",-0.0112702994334371
"1024","70185",-0.00280849536547982
"1025","70189",0.0794865962683926
"1026","70193",-0.0290784327428448
"1027","70203",-0.00696479386664041
"1028","70208",0.00889594813894835
"1029","70212",0.0107069263756399
"1030","70213",0.0140622871134359
"1031","70216",-0.00291682237445104
"1032","70225",-0.0102682184115356
"1033","70228",0.00400323368112713
"1034","70229",0.0203396048510369
"1035","70245",-0.00880887654203184
"1036","70247",0.0210190040043399
"1037","70248",-0.0120667603656444
"1038","70249",0.0330327623904174
"1039","70257",-0.0104295146862282
"1040","70258",-0.0278811281801903
"1041","70261",-0.0332746206987364
"1042","70268",-0.0176169164777329
"1043","70272",-0.0156468056921795
"1044","70274",-0.00545180789220347
"1045","70275",-0.00542369128851245
"1046","70277",0.00986617737688668
"1047","70283",0.0115302680817549
"1048","70284",-0.0358470728950878
"1049","70290",0.0120148339348558
"1050","70292",-0.0442818750374169
"1051","70297",0.00995834328124015
"1052","70301",-0.0344270463761817
"1053","70305",-0.0116311791371752
"1054","70315",-0.00952923925563829
"1055","70318",-0.0106325998491667
"1056","70319",0.00413534090854048
"1057","70320",0.00288247810872196
"1058","70321",0.0406880521207603
"1059","70322",-0.0233572739212538
"1060","70323",0.122256019688847
"1061","70328",-0.00302680978977659
"1062","70330",0.00410662274462122
"1063","70332",0.0615632142945622
"1064","70336",0.000764568680659508
"1065","70337",-0.0306535209164555
"1066","70343",0.0210024123175156
"1067","70357",0.0280351154074201
"1068","70359",0.0231802929904886
"1069","70360",0.0132852119928097
"1070","70361",-0.0104399134286813
"1071","70365",-0.0325713365809372
"1072","70372",0.0387798640390545
"1073","70373",-0.00859738323119913
"1074","70375",0.0189784644202984
"1075","70376",-0.00801413101110251
"1076","70378",0.0591763882222097
"1077","70379",0.00689997855252197
"1078","70384",-0.0203158928814279
"1079","70386",-0.015254665319546
"1080","70388",0.0429157206391686
"1081","70398",-0.029262976929243
"1082","70401",-0.0178476869666325
"1083","70403",0.00320221446974619
"1084","70404",-0.0124999716993028
"1085","70406",0.0311330191233767
"1086","70407",-0.0354984412760044
"1087","70410",0.0309142728028617
"1088","70412",0.0145294878996174
"1089","70416",-0.0120835579286162
"1090","70418",0.0245913241728313
"1091","70419",0.00745829507671848
"1092","70421",-0.0349104596598182
"1093","70425",-0.00517918545833749
"1094","70426",-0.0340525205585848
"1095","70428",-0.0037246620941027
"1096","70431",-0.0343323745345872
"1097","70433",0.0704584448870255
"1098","70434",-0.00174871721806103
"1099","70435",-0.0380785401923584
"1100","70437",0.00573489014577751
"1101","70438",0.0566713473711165
"1102","70439",-0.0325418540509225
"1103","70442",-0.0165434890613138
"1104","70443",0.0215453145805753
"1105","70445",0.0231736044947973
"1106","70449",0.0123675385807699
"1107","70451",0.00173812321399256
"1108","70455",0.0173138739479156
"1109","70458",-0.0304118142752959
"1110","70459",-0.00118131128997132
"1111","70463",-0.00670887213536243
"1112","70468",-0.00170350495367531
"1113","70470",0.034118595189031
"1114","70471",-0.00660009287618043
"1115","70473",-0.0356808995784316
"1116","70474",-0.0362549528507842
"1117","70486",-0.0195898232913974
"1118","70489",-0.0134931967607487
"1119","70492",0.0171035132977254
"1120","70495",-0.00998307345697778
"1121","70498",-0.0176005204516171
"1122","70501",0.0153300336827033
"1123","70506",0.0346575408950832
"1124","70508",0.0435848146044209
"1125","70512",0.0324380843991477
"1126","70514",-0.0176359998071574
"1127","70516",0.0290229383849274
"1128","70517",0.00829023825788417
"1129","70523",-0.0755612676606099
"1130","70531",-0.0337460681268265
"1131","70533",0.0381250287033932
"1132","70537",-0.00235763961576812
"1133","70540",0.00174434932917134
"1134","70544",0.0131101257416116
"1135","70545",0.0894408176458218
"1136","70547",0.00222952118718341
"1137","70551",0.0149718545740819
"1138","70552",-0.00502606673500075
"1139","70555",-0.00552035887469331
"1140","70557",0.0269213707086235
"1141","70558",-0.0093120000971307
"1142","70559",-0.0351963079744833
"1143","70561",0.035286525326186
"1144","70562",-0.0140799337730802
"1145","70570",-0.00584016966863913
"1146","70572",0.0548892821288891
"1147","70574",0.0221552067803951
"1148","70576",0.140121711114526
"1149","70579",0.00592865284412253
"1150","70592",-0.00682946533698625
"1151","70593",-0.0324317882648495
"1152","70596",0.0347150660806619
"1153","70597",-0.00149137553413562
"1154","70601",-0.0118651082076628
"1155","70603",0.012568214946139
"1156","70605",-0.00883425902757161
"1157","70606",0.0520816928980033
"1158","70610",0.000322350211643909
"1159","70611",0.0347107052308974
"1160","70613",0.0236461893608966
"1161","70620",0.0305429652061072
"1162","70626",-0.00537116501449524
"1163","70630",0.0307305287612731
"1164","70631",-0.0304226018099047
"1165","70632",0.0164467193371052
"1166","70634",-0.026348844824764
"1167","70640",-0.00788666333009068
"1168","70643",-0.00162845342070609
"1169","70651",0.0736391714623239
"1170","70662",0.0440638271849102
"1171","70666",-0.00434849062286497
"1172","70668",-0.0282062411710457
"1173","70675",-0.0136115622480165
"1174","70677",0.0171762286744808
"1175","70682",0.00102828529864184
"1176","70683",0.0241533878800692
"1177","70684",0.0231173628545445
"1178","70690",-0.00435619631649216
"1179","70695",0.0136890968346413
"1180","70697",0.105463433789755
"1181","70700",0.00157657401932189
"1182","70705",0.00342405920119792
"1183","70707",-0.00960992257773714
"1184","70712",-0.0120030166258982
"1185","70713",0.00703633024966262
"1186","70715",0.012265184767818
"1187","70716",-0.0354391929374533
"1188","70717",0.0693405516714307
"1189","70718",-0.00444672715510222
"1190","70721",0.000861912787447013
"1191","70727",0.00619182435965234
"1192","70729",0.000429767364803347
"1193","70741",0.00793787078813421
"1194","70742",0.00200901352190061
"1195","70743",-0.029691626608321
"1196","70748",-0.0045517529004174
"1197","70749",-0.0171162500577334
"1198","70752",0.00198961416019138
"1199","70754",-0.0110539706240811
"1200","70756",-0.0116455918837658
"1201","70757",-0.0240963740769433
"1202","70762",-0.0168143750817497
"1203","70763",0.00900359197220817
"1204","70764",0.0346079303664423
"1205","70766",0.00777877823640384
"1206","70777",-0.0116202009970825
"1207","70787",-0.0269075154998576
"1208","70788",-0.000630780606373743
"1209","80003",-0.000632319206395931
"1210","80006",0.0040444141854763
"1211","80007",-0.0363455928424448
"1212","80013",-0.00152127616515936
"1213","80016",0.000506961951810307
"1214","80018",0.0473112056008489
"1215","80022",-0.0074511321899769
"1216","80023",0.00589454536932908
"1217","80025",0.0111664535080895
"1218","80028",-0.0180991514374176
"1219","80034",0.0377987261643354
"1220","80036",0.0146868547602572
"1221","80038",-0.0069937692852197
"1222","80040",0.0202281376518852
"1223","80043",-0.0227686846845338
"1224","80047",0.02395939939807
"1225","80048",0.0142813252764177
"1226","80050",0.0130210051243866
"1227","80052",0.0212790945596573
"1228","80054",-0.0341400197388554
"1229","80055",0.00855934033220933
"1230","80057",-0.0237036007849863
"1231","80060",-0.00524949049441694
"1232","80062",0.0159023829047515
"1233","80072",0.0112985173430984
"1234","80074",-0.00990720048334501
"1235","80076",0.0237951517048479
"1236","80077",0.00560250837539274
"1237","80078",-0.0232504008327947
"1238","80079",0.0167148053210116
"1239","80080",0.0108307762676046
"1240","80082",-0.0142589177007102
"1241","80083",-0.0182664164640217
"1242","80084",0.0126206736798813
"1243","80086",-0.0144916501759594
"1244","80088",-0.0273896270638245
"1245","80097",-0.0222922574871818
"1246","80101",0.00810857312916182
"1247","80102",0.0265571847457805
"1248","80104",0.0284041795209752
"1249","80105",0.00166214277013415
"1250","80106",0.0790797577765282
"1251","80109",0.0133488164946776
"1252","80110",0.0130239406267289
"1253","80112",-0.031600232008766
"1254","80113",-0.00504731693829381
"1255","80116",-0.0264681204942441
"1256","80117",-0.0069796777916178
"1257","80121",0.035375042042017
"1258","80123",-0.0279032536767005
"1259","80129",0.00959731733538537
"1260","80130",0.0337797051137793
"1261","80132",-0.0409889461706057
"1262","80137",-0.0256674672452699
"1263","80139",0.0307158934194011
"1264","80140",-0.00994483855300993
"1265","80141",-0.0248366006659599
"1266","80142",-0.00383919333608405
"1267","80144",-0.00994173749629161
"1268","80148",-0.00546771880934501
"1269","80151",-0.0301550009683275
"1270","80152",-0.0178361340946405
"1271","80156",0.0203236258446291
"1272","80162",-0.0115342353040689
"1273","80170",-0.00347146656003054
"1274","80173",0.00393104642259194
"1275","80175",0.0359211095688154
"1276","80176",0.0112147412165072
"1277","80180",0.0013554775628148
"1278","80181",-0.0102440878755273
"1279","80187",0.0216806021340382
"1280","80188",-0.0233337609625998
"1281","80189",-0.00734705603350527
"1282","80190",0.012304009770518
"1283","80192",-0.0263376327394869
"1284","80196",0.00594853978815027
"1285","80199",0.0177413312445491
"1286","80202",0.0237020393153852
"1287","80206",0.0199341691998085
"1288","80209",-0.0340493797498731
"1289","80210",0.0334649562395704
"1290","80213",0.0110402862114071
"1291","80216",-0.00241160471213034
"1292","80217",0.0290660160056747
"1293","80221",0.0024997167738077
"1294","80222",-0.00748983947034917
"1295","80224",-0.0050123463978168
"1296","80229",-0.0258894979285201
"1297","80234",0.0103410645476426
"1298","80235",0.00869329998347738
"1299","80237",0.0204452815786994
"1300","80238",0.00313185374880119
"1301","80243",-0.0354694062676938
"1302","80244",-0.0364420776797712
"1303","80248",0.0343503201893147
"1304","80253",0.0197808013025262
"1305","80255",0.0280435327144574
"1306","80259",-0.0215362880002987
"1307","80261",-0.00929228387852014
"1308","80262",-0.0361189928657292
"1309","80264",0.0165013480085592
"1310","80267",-0.0279041078707934
"1311","80269",-0.0216762128239675
"1312","80274",-0.006354193543502
"1313","80281",-0.0241719074026155
"1314","80283",-0.0196710059493508
"1315","80286",-0.0309211217575488
"1316","80290",0.00506033427404879
"1317","80295",-0.0366270354664668
"1318","80297",-0.00445893403936291
"1319","80298",-0.0290068944199544
"1320","80301",-0.0022865832011112
"1321","80304",0.0265831764202452
"1322","80309",0.0230355245851294
"1323","80310",-0.0244892707650064
"1324","80311",-0.0481049139857211
"1325","80314",0.0846834540923772
"1326","80319",-0.0235072141392447
"1327","80324",0.0207246086313612
"1328","80325",0.00489416095825626
"1329","80327",0.0430226631615766
"1330","80330",0.0740060265112845
"1331","80335",0.0703561745746962
"1332","80343",0.00683062696377535
"1333","80345",0.0255170440335692
"1334","80350",-0.0299888276519269
"1335","80353",-0.0191090979738277
"1336","80356",0.0267787931854149
"1337","80359",-0.0210797387374984
"1338","80361",0.0725228737485406
"1339","80373",0.00265122261942144
"1340","80384",0.00502300209007486
"1341","80387",-0.0281263887184819
"1342","90001",0.0507102129827716
"1343","90006",0.0418541316765366
"1344","90008",0.0440957233619805
"1345","90010",-0.00374411188846798
"1346","90012",0.00842863961215565
"1347","90016",0.0157009718000376
"1348","90018",0.0139319617613759
"1349","90020",0.0466376194679957
"1350","90021",0.0277213117571059
"1351","90023",-0.0338983130979319
"1352","90026",0.0133731063801822
"1353","90027",-0.00920164983426067
"1354","90029",-0.0286403394573597
"1355","90030",0.00991683060028838
"1356","90031",0.0126995878240739
"1357","90035",0.0150383174384995
"1358","90036",-0.0147346842557119
"1359","90037",-0.0258487472261713
"1360","90038",0.0480983668597912
"1361","90047",0.000491093733560078
"1362","90049",0.015951756222609
"1363","90050",-0.007321224147076
"1364","90053",-0.0172567140201784
"1365","90057",-0.0331914406493284
"1366","90061",-0.0066279603923166
"1367","90065",0.014316094542453
"1368","90067",-0.00349632059552635
"1369","90068",-0.0117107272374684
"1370","90070",0.00208512275983553
"1371","90071",-0.0269408931545473
"1372","90073",-0.000907222026409184
"1373","90075",0.00373953172195602
"1374","90077",-0.00846013096910146
"1375","90078",0.0235458831298715
"1376","90082",-0.0043757371884982
"1377","90083",-0.0129356494106712
"1378","90085",-0.00315512968889402
"1379","90086",0.0131944044343951
"1380","90088",0.0527433315118978
"1381","90089",0.012533652722739
"1382","90093",0.0352740156680262
"1383","90095",0.0347321468617332
"1384","90098",-0.0156881538087999
"1385","90102",-0.0285234811397568
"1386","90104",-0.00444497907396496
"1387","90106",0.0284034356237236
"1388","90108",0.0377868481793044
"1389","90109",0.0374862780115769
"1390","90110",0.0227662711182016
"1391","90111",0.0199064889285822
"1392","90112",-0.00448129051632388
"1393","90114",0.00863060242320583
"1394","90116",-0.0140768010169083
"1395","90118",0.0335244085834051
"1396","90119",0.0295992150894624
"1397","90120",0.0279748879847627
"1398","90123",0.0367231590076716
"1399","90124",0.0105906584113757
"1400","90127",0.0190714599325244
"1401","90129",0.115068759223996
"1402","90130",0.01149218850536
"1403","90131",-0.0186305048949856
"1404","90132",0.0100333437806572
"1405","90133",0.0213742293057174
"1406","90134",1.38539425493276e-05
"1407","90136",0.0468278814883005
"1408","90137",0.0137992587238963
"1409","90138",-0.0317162014441183
"1410","90139",0.00259489190571632
"1411","90143",-0.01230545939112
"1412","90147",0.0315945306691662
"1413","90150",0.0195382941991385
"1414","90151",-0.000243854438521788
"1415","90153",0.0516269322455236
"1416","90154",0.00367881972635848
"1417","90160",0.0260299977288673
"1418","90161",-0.00660753995391099
"1419","90164",-0.00787226330756229
"1420","90165",0.0127526574881262
"1421","90166",0.0239892071334682
"1422","90167",-0.0117848895623039
"1423","90169",0.0170377512809883
"1424","90171",0.0234593401391858
"1425","90173",-0.0302758542888644
"1426","90174",0.0432660824397017
"1427","90176",-0.00993604698158366
"1428","90178",0.00871199914985422
"1429","90179",0.00278341556577018
"1430","90181",0.0322844129257338
"1431","90183",0.00820443889855517
"1432","90191",0.0552781588067763
"1433","90192",0.0270223915006072
"1434","90195",-0.00166048470069415
"1435","90198",0.0384474513323297
"1436","90205",-0.0014507617693347
"1437","90206",0.0169240822788595
"1438","90210",0.0012575216860276
"1439","90211",-0.0128765644513113
"1440","90217",-0.0343817263763098
"1441","90218",0.0265663182359075
"1442","90219",0.00340118423409443
"1443","90221",-0.0103346497150395
"1444","90223",0.037296525661327
"1445","90225",-0.0216294886164561
"1446","90228",0.0088775809472209
"1447","90230",-0.0226172226180013
"1448","90232",0.0361764783310297
"1449","90233",-0.0412889568251579
"1450","90236",0.0343115167205056
"1451","90239",-0.00199434517510122
"1452","90243",0.00349776496389066
"1453","90244",0.0217019242387781
"1454","90246",-0.0215979190668417
"1455","90248",-0.0166073566810479
"1456","90249",-0.0323605740700712
"1457","90250",-0.0421694100436867
"1458","90251",0.0312969992600441
"1459","90256",0.0169057059426264
"1460","90257",0.0100117453333263
"1461","90261",0.0280391316189736
"1462","90266",0.0662628790424142
"1463","90267",-0.0145339784797107
"1464","90270",0.0126586714120867
"1465","90272",-0.0751406975034596
"1466","90280",0.00834127168748177
"1467","90281",-0.0183324257299899
"1468","90283",0.0156283655068254
"1469","90285",0.0587384393072124
"1470","90288",0.0017190109951624
"1471","90289",-0.0194438198540905
"1472","90290",-0.00713074444238339
"1473","90298",0.0246111031890954
"1474","90299",0.0673286391876544
"1475","90300",0.0431620442901238
"1476","90301",0.014783186888499
"1477","90305",0.0463767898615501
"1478","90306",-0.00107346998687347
"1479","90316",0.0173118157287568
"1480","90321",0.0240609699483789
"1481","90326",0.0151874097823735
"1482","90329",0.060920277555052
"1483","90330",0.0044657003930344
"1484","90334",0.00986824344003755
"1485","90337",0.0298910119378802
"1486","90341",0.0265733450533125
"1487","90346",0.0310974948998874
"1488","90348",-0.0160565092572152
"1489","90350",0.0201081173782211
"1490","90353",0.0190137681368112
"1491","90355",-0.0243800998832594
"1492","90356",-0.0122540503684493
"1493","90357",-0.00935459181984733
"1494","90364",0.0600236298838378
"1495","90367",-0.0135566282359415
"1496","90369",0.0340864959986314
"1497","90372",0.0296096575339091
"1498","90374",0.00510751108834535
"1499","90375",-0.00367118661077026
"1500","90377",0.0102139542723607
"1501","90379",0.0877405700716174
"1502","90380",0.0355542010333809
"1503","90383",-0.0154446975142387
"1504","90384",0.00860984741531013
"1505","90386",-0.0146940832391985
"1506","90387",-0.0101231564039817
"1507","90388",-0.0218111627736759
"1508","90390",0.0130242167898856
"1509","90391",-0.00998727456946191
"1510","90392",0.0143395453053541
"1511","90393",-0.0141471892535095
"1512","90395",0.0244343175624986
"1513","90397",0.0107268875261877
"1514","90399",0.00537726590730332
"1515","90401",0.0399113000834397
"1516","90403",0.00864918576479067
"1517","90404",-0.019715004815985
"1518","90407",-0.0137654578104393
"1519","90409",-0.0048146252654685
"1520","90412",0.0165114521874653
"1521","90414",-0.043450755615407
"1522","90416",0.00286986783807433
"1523","90423",0.0771379098452176
"1524","90424",-0.00593470613392134
"1525","90426",0.0149150430666057
"1526","90427",0.00574591229860439
"1527","90429",-0.0236432975208709
"1528","90431",-0.0077665948032927
"1529","90433",0.0615011408014937
"1530","90434",-0.022807566927336
"1531","90437",0.0498446226053267
"1532","90438",-0.00244767826874045
"1533","90439",0.00270949947939793
"1534","90445",0.00872332296197362
"1535","90446",0.00088598238229736
"1536","90448",0.00382685801579222
"1537","90452",0.00466135630136834
"1538","90454",0.0510490383755256
"1539","90455",0.00972430227793599
"1540","90457",0.0329348512068355
"1541","90458",-0.0216799741678158
"1542","90463",0.0444159432105573
"1543","90464",0.0458314627168233
"1544","90465",0.0132887306349805
"1545","90466",0.060297041737623
"1546","90467",0.00572165650376445
"1547","90469",-0.00518500511006973
"1548","90472",-0.00226480103489003
"1549","90474",-0.0193765311657138
"1550","90475",-0.034442153042226
"1551","90476",0.00923868764872789
"1552","90480",0.0399077581018112
"1553","90483",-0.00673201654788542
"1554","90485",-0.011542756728681
"1555","90486",-0.00448644513469701
"1556","90492",0.0338656442176217
"1557","90496",-0.0155926233573714
"1558","90497",0.0039206282682212
"1559","90498",-0.0111447257013888
"1560","90500",0.00620595368880721
"1561","90501",-0.0305205359344305
"1562","90503",0.0128232051723751
"1563","90504",-0.0104436336764505
"1564","90506",-0.0041226494773662
"1565","90508",0.010211279196258
"1566","90510",0.0118529069403992
"1567","90511",0.019040484211583
"1568","90513",-0.0106852438192375
"1569","90518",0.00433007275274514
"1570","90520",0.010478548713366
"1571","90521",0.00387362204055394
"1572","90522",0.00314489224112931
"1573","90526",-0.025818533895947
"1574","90527",0.0197068618375391
"1575","90528",0.0404199800941262
"1576","90535",-0.00605581706638822
"1577","90536",-0.0173764610748944
